{"cameraMode":{"drawMode":0,"name":"Shaded","section":"Shading Mode"},"sceneLighting":true,"audioPlay":false,"sceneViewState":{"m_AlwaysRefresh":false,"showFog":true,"showSkybox":true,"showFlares":true,"showImageEffects":true,"showParticleSystems":true,"showVisualEffectGraphs":true,"m_FxEnabled":true},"in2DMode":false,"pivot":{"x":-0.08326482772827149,"y":-1.4682645797729493,"z":0.13428211212158204},"rotation":{"x":-0.3929309546947479,"y":-0.0035909132566303016,"z":0.0015316326171159745,"w":-0.9195904731750488},"size":7.4419026374816898,"orthographic":false}