{"cameraMode":{"drawMode":0,"name":"Shaded","section":"Shading Mode"},"sceneLighting":true,"audioPlay":false,"sceneViewState":{"m_AlwaysRefresh":false,"showFog":true,"showSkybox":true,"showFlares":true,"showImageEffects":true,"showParticleSystems":true,"showVisualEffectGraphs":true,"m_FxEnabled":true},"in2DMode":false,"pivot":{"x":0.14171439409255982,"y":1.966956615447998,"z":-1.0307471752166749},"rotation":{"x":0.6978808641433716,"y":-0.020407259464263917,"z":0.01989538036286831,"w":0.7156779170036316},"size":3.3118019104003908,"orthographic":false}