{"cameraMode":{"drawMode":0,"name":"Shaded","section":"Shading Mode"},"sceneLighting":true,"audioPlay":false,"sceneViewState":{"m_AlwaysRefresh":false,"showFog":true,"showSkybox":true,"showFlares":true,"showImageEffects":true,"showParticleSystems":true,"showVisualEffectGraphs":true,"m_FxEnabled":true},"in2DMode":false,"pivot":{"x":-0.07724687457084656,"y":-0.6463950872421265,"z":0.07613322138786316},"rotation":{"x":-0.3774145245552063,"y":-0.36001062393188479,"z":0.1621992439031601,"w":-0.8376784324645996},"size":1.0976296663284302,"orthographic":false}